﻿<?xml version="1.0" encoding="utf-8"?>
<doc>
  <assembly>
    <name>System.Diagnostics.TextWriterTraceListener</name>
  </assembly>
  <members>
    <member name="T:System.Diagnostics.DelimitedListTraceListener">
      <summary>Directs tracing or debugging output to a text writer, such as a stream writer, or to a stream, such as a file stream.</summary>
      <filterpriority>1</filterpriority>
    </member>
    <member name="M:System.Diagnostics.DelimitedListTraceListener.#ctor(System.IO.Stream)">
      <summary>Initializes a new instance of the <see cref="T:System.Diagnostics.DelimitedListTraceListener" /> class that writes to the specified output stream. </summary>
      <param name="stream">The <see cref="T:System.IO.Stream" /> to receive the output.</param>
      <exception cref="T:System.ArgumentNullException">
        <paramref name="stream" /> is null. </exception>
    </member>
    <member name="M:System.Diagnostics.DelimitedListTraceListener.#ctor(System.IO.Stream,System.String)">
      <summary>Initializes a new instance of the <see cref="T:System.Diagnostics.DelimitedListTraceListener" /> class that writes to the specified output stream and has the specified name. </summary>
      <param name="stream">The <see cref="T:System.IO.Stream" /> to receive the output.</param>
      <param name="name">The name of the new instance of the trace listener. </param>
      <exception cref="T:System.ArgumentNullException">
        <paramref name="stream" /> is null. </exception>
    </member>
    <member name="M:System.Diagnostics.DelimitedListTraceListener.#ctor(System.IO.TextWriter)">
      <summary>Initializes a new instance of the <see cref="T:System.Diagnostics.DelimitedListTraceListener" /> class that writes to the specified text writer. </summary>
      <param name="writer">The <see cref="T:System.IO.TextWriter" /> to receive the output.</param>
      <exception cref="T:System.ArgumentNullException">
        <paramref name="writer" /> is null. </exception>
    </member>
    <member name="M:System.Diagnostics.DelimitedListTraceListener.#ctor(System.IO.TextWriter,System.String)">
      <summary>Initializes a new instance of the <see cref="T:System.Diagnostics.DelimitedListTraceListener" /> class that writes to the specified text writer and has the specified name. </summary>
      <param name="writer">The <see cref="T:System.IO.TextWriter" /> to receive the output.</param>
      <param name="name">The name of the new instance of the trace listener. </param>
      <exception cref="T:System.ArgumentNullException">
        <paramref name="writer" /> is null. </exception>
    </member>
    <member name="P:System.Diagnostics.DelimitedListTraceListener.Delimiter">
      <summary>Gets or sets the delimiter for the delimited list.</summary>
      <returns>The delimiter for the delimited list.</returns>
      <exception cref="T:System.ArgumentNullException">
        <see cref="P:System.Diagnostics.DelimitedListTraceListener.Delimiter" /> is set to null.</exception>
      <exception cref="T:System.ArgumentException">
        <see cref="P:System.Diagnostics.DelimitedListTraceListener.Delimiter" /> is set to an empty string ("").</exception>
      <filterpriority>1</filterpriority>
    </member>
    <member name="M:System.Diagnostics.DelimitedListTraceListener.TraceData(System.Diagnostics.TraceEventCache,System.String,System.Diagnostics.TraceEventType,System.Int32,System.Object)">
      <summary>Writes trace information, a data object, and event information to the output file or stream.</summary>
      <param name="eventCache">A <see cref="T:System.Diagnostics.TraceEventCache" /> object that contains the current process ID, thread ID, and stack trace information.</param>
      <param name="source">A name used to identify the output, typically the name of the application that generated the trace event.</param>
      <param name="eventType">One of the <see cref="T:System.Diagnostics.TraceEventType" /> values specifying the type of event that has caused the trace.</param>
      <param name="id">A numeric identifier for the event.</param>
      <param name="data">A data object to write to the output file or stream.</param>
      <filterpriority>1</filterpriority>
    </member>
    <member name="M:System.Diagnostics.DelimitedListTraceListener.TraceData(System.Diagnostics.TraceEventCache,System.String,System.Diagnostics.TraceEventType,System.Int32,System.Object[])">
      <summary>Writes trace information, an array of data objects, and event information to the output file or stream.</summary>
      <param name="eventCache">A <see cref="T:System.Diagnostics.TraceEventCache" /> object that contains the current process ID, thread ID, and stack trace information.</param>
      <param name="source">A name used to identify the output, typically the name of the application that generated the trace event.</param>
      <param name="eventType">One of the <see cref="T:System.Diagnostics.TraceEventType" /> values specifying the type of event that has caused the trace.</param>
      <param name="id">A numeric identifier for the event.</param>
      <param name="data">An array of data objects to write to the output file or stream.</param>
      <filterpriority>1</filterpriority>
    </member>
    <member name="M:System.Diagnostics.DelimitedListTraceListener.TraceEvent(System.Diagnostics.TraceEventCache,System.String,System.Diagnostics.TraceEventType,System.Int32,System.String)">
      <summary>Writes trace information, a message, and event information to the output file or stream.</summary>
      <param name="eventCache">A <see cref="T:System.Diagnostics.TraceEventCache" /> object that contains the current process ID, thread ID, and stack trace information.</param>
      <param name="source">A name used to identify the output, typically the name of the application that generated the trace event.</param>
      <param name="eventType">One of the <see cref="T:System.Diagnostics.TraceEventType" /> values specifying the type of event that has caused the trace.</param>
      <param name="id">A numeric identifier for the event.</param>
      <param name="message">The trace message to write to the output file or stream.</param>
      <filterpriority>1</filterpriority>
    </member>
    <member name="M:System.Diagnostics.DelimitedListTraceListener.TraceEvent(System.Diagnostics.TraceEventCache,System.String,System.Diagnostics.TraceEventType,System.Int32,System.String,System.Object[])">
      <summary>Writes trace information, a formatted array of objects, and event information to the output file or stream.</summary>
      <param name="eventCache">A <see cref="T:System.Diagnostics.TraceEventCache" /> object that contains the current process ID, thread ID, and stack trace information.</param>
      <param name="source">A name used to identify the output, typically the name of the application that generated the trace event.</param>
      <param name="eventType">One of the <see cref="T:System.Diagnostics.TraceEventType" /> values specifying the type of event that has caused the trace.</param>
      <param name="id">A numeric identifier for the event.</param>
      <param name="format">A format string that contains zero or more format items that correspond to objects in the <paramref name="args" /> array.</param>
      <param name="args">An array containing zero or more objects to format.</param>
      <filterpriority>1</filterpriority>
    </member>
    <member name="T:System.Diagnostics.TextWriterTraceListener">
      <summary>Directs tracing or debugging output to a <see cref="T:System.IO.TextWriter" /> or to a <see cref="T:System.IO.Stream" />, such as <see cref="T:System.IO.FileStream" />.</summary>
      <filterpriority>1</filterpriority>
    </member>
    <member name="M:System.Diagnostics.TextWriterTraceListener.#ctor">
      <summary>Initializes a new instance of the <see cref="T:System.Diagnostics.TextWriterTraceListener" /> class with <see cref="T:System.IO.TextWriter" /> as the output recipient.</summary>
    </member>
    <member name="M:System.Diagnostics.TextWriterTraceListener.#ctor(System.IO.Stream)">
      <summary>Initializes a new instance of the <see cref="T:System.Diagnostics.TextWriterTraceListener" /> class, using the stream as the recipient of the debugging and tracing output.</summary>
      <param name="stream">A <see cref="T:System.IO.Stream" /> that represents the stream the <see cref="T:System.Diagnostics.TextWriterTraceListener" /> writes to. </param>
      <exception cref="T:System.ArgumentNullException">The stream is null. </exception>
    </member>
    <member name="M:System.Diagnostics.TextWriterTraceListener.#ctor(System.IO.Stream,System.String)">
      <summary>Initializes a new instance of the <see cref="T:System.Diagnostics.TextWriterTraceListener" /> class with the specified name, using the stream as the recipient of the debugging and tracing output.</summary>
      <param name="stream">A <see cref="T:System.IO.Stream" /> that represents the stream the <see cref="T:System.Diagnostics.TextWriterTraceListener" /> writes to. </param>
      <param name="name">The name of the new instance. </param>
      <exception cref="T:System.ArgumentNullException">The stream is null. </exception>
    </member>
    <member name="M:System.Diagnostics.TextWriterTraceListener.#ctor(System.IO.TextWriter)">
      <summary>Initializes a new instance of the <see cref="T:System.Diagnostics.TextWriterTraceListener" /> class using the specified writer as recipient of the tracing or debugging output.</summary>
      <param name="writer">A <see cref="T:System.IO.TextWriter" /> that receives the output from the <see cref="T:System.Diagnostics.TextWriterTraceListener" />. </param>
      <exception cref="T:System.ArgumentNullException">The writer is null. </exception>
    </member>
    <member name="M:System.Diagnostics.TextWriterTraceListener.#ctor(System.IO.TextWriter,System.String)">
      <summary>Initializes a new instance of the <see cref="T:System.Diagnostics.TextWriterTraceListener" /> class with the specified name, using the specified writer as recipient of the tracing or debugging output.</summary>
      <param name="writer">A <see cref="T:System.IO.TextWriter" /> that receives the output from the <see cref="T:System.Diagnostics.TextWriterTraceListener" />. </param>
      <param name="name">The name of the new instance. </param>
      <exception cref="T:System.ArgumentNullException">The writer is null. </exception>
    </member>
    <member name="M:System.Diagnostics.TextWriterTraceListener.Dispose(System.Boolean)">
      <summary>Disposes this <see cref="T:System.Diagnostics.TextWriterTraceListener" /> object.</summary>
      <param name="disposing">true to release managed resources; if false, <see cref="M:System.Diagnostics.TextWriterTraceListener.Dispose(System.Boolean)" /> has no effect.</param>
    </member>
    <member name="M:System.Diagnostics.TextWriterTraceListener.Flush">
      <summary>Flushes the output buffer for the <see cref="P:System.Diagnostics.TextWriterTraceListener.Writer" />.</summary>
      <filterpriority>1</filterpriority>
      <PermissionSet>
        <IPermission class="System.Security.Permissions.FileIOPermission, mscorlib, Version=2.0.3600.0, Culture=neutral, PublicKeyToken=b77a5c561934e089" version="1" Unrestricted="true" />
      </PermissionSet>
    </member>
    <member name="M:System.Diagnostics.TextWriterTraceListener.Write(System.String)">
      <summary>Writes a message to this instance's <see cref="P:System.Diagnostics.TextWriterTraceListener.Writer" />.</summary>
      <param name="message">A message to write. </param>
      <filterpriority>1</filterpriority>
      <PermissionSet>
        <IPermission class="System.Security.Permissions.FileIOPermission, mscorlib, Version=2.0.3600.0, Culture=neutral, PublicKeyToken=b77a5c561934e089" version="1" Unrestricted="true" />
      </PermissionSet>
    </member>
    <member name="M:System.Diagnostics.TextWriterTraceListener.WriteLine(System.String)">
      <summary>Writes a message to this instance's <see cref="P:System.Diagnostics.TextWriterTraceListener.Writer" /> followed by a line terminator. The default line terminator is a carriage return followed by a line feed (\r\n).</summary>
      <param name="message">A message to write. </param>
      <filterpriority>1</filterpriority>
      <PermissionSet>
        <IPermission class="System.Security.Permissions.FileIOPermission, mscorlib, Version=2.0.3600.0, Culture=neutral, PublicKeyToken=b77a5c561934e089" version="1" Unrestricted="true" />
      </PermissionSet>
    </member>
    <member name="P:System.Diagnostics.TextWriterTraceListener.Writer">
      <summary>Gets or sets the text writer that receives the tracing or debugging output.</summary>
      <returns>A <see cref="T:System.IO.TextWriter" /> that represents the writer that receives the tracing or debugging output.</returns>
      <filterpriority>2</filterpriority>
    </member>
  </members>
</doc>