<?xml version="1.0"?>
<doc>
    <assembly>
        <name>Microsoft.VisualStudio.Web.CodeGeneration.Templating</name>
    </assembly>
    <members>
        <member name="T:Microsoft.VisualStudio.Web.CodeGeneration.Templating.MessageStrings">
            <summary>
              A strongly-typed resource class, for looking up localized strings, etc.
            </summary>
        </member>
        <member name="P:Microsoft.VisualStudio.Web.CodeGeneration.Templating.MessageStrings.ResourceManager">
            <summary>
              Returns the cached ResourceManager instance used by this class.
            </summary>
        </member>
        <member name="P:Microsoft.VisualStudio.Web.CodeGeneration.Templating.MessageStrings.Culture">
            <summary>
              Overrides the current thread's CurrentUICulture property for all
              resource lookups using this strongly typed resource class.
            </summary>
        </member>
        <member name="P:Microsoft.VisualStudio.Web.CodeGeneration.Templating.MessageStrings.TemplateProcessingError">
            <summary>
              Looks up a localized string similar to Template Processing Failed:{0}.
            </summary>
        </member>
    </members>
</doc>
