<?xml version="1.0"?>
<doc>
    <assembly>
        <name>Microsoft.VisualStudio.Web.CodeGeneration</name>
    </assembly>
    <members>
        <member name="T:Microsoft.Extensions.CommandLineUtils.ArgumentEscaper">
            <summary>
            A utility for escaping arguments for new processes.
            </summary>
        </member>
        <member name="M:Microsoft.Extensions.CommandLineUtils.ArgumentEscaper.EscapeAndConcatenate(System.Collections.Generic.IEnumerable{System.String})">
            <summary>
            Undo the processing which took place to create string[] args in Main, so that the next process will
            receive the same string[] args.
            </summary>
            <remarks>
            See https://blogs.msdn.microsoft.com/twistylittlepassagesallalike/2011/04/23/everyone-quotes-command-line-arguments-the-wrong-way/
            </remarks>
            <param name="args"></param>
            <returns></returns>
        </member>
        <member name="T:Microsoft.Extensions.CommandLineUtils.DotNetMuxer">
            <summary>
            Utilities for finding the "dotnet.exe" file from the currently running .NET Core application
            </summary>
        </member>
        <member name="P:Microsoft.Extensions.CommandLineUtils.DotNetMuxer.MuxerPath">
            <summary>
            The full filepath to the .NET Core muxer.
            </summary>
        </member>
        <member name="M:Microsoft.Extensions.CommandLineUtils.DotNetMuxer.MuxerPathOrDefault">
            <summary>
            Finds the full filepath to the .NET Core muxer,
            or returns a string containing the default name of the .NET Core muxer ('dotnet').
            </summary>
            <returns>The path or a string named 'dotnet'.</returns>
        </member>
    </members>
</doc>
