﻿<?xml version="1.0" encoding="utf-8"?>
<doc>
  <assembly>
    <name>System.Threading.ThreadPool</name>
  </assembly>
  <members>
    <member name="T:System.Threading.RegisteredWaitHandle">
      <summary>Represents a handle that has been registered when calling <see cref="M:System.Threading.ThreadPool.RegisterWaitForSingleObject(System.Threading.WaitHandle,System.Threading.WaitOrTimerCallback,System.Object,System.UInt32,System.Boolean)" />. This class cannot be inherited.</summary>
      <filterpriority>2</filterpriority>
    </member>
    <member name="M:System.Threading.RegisteredWaitHandle.Unregister(System.Threading.WaitHandle)">
      <summary>Cancels a registered wait operation issued by the <see cref="M:System.Threading.ThreadPool.RegisterWaitForSingleObject(System.Threading.WaitHandle,System.Threading.WaitOrTimerCallback,System.Object,System.UInt32,System.Boolean)" /> method.</summary>
      <returns>true if the function succeeds; otherwise, false.</returns>
      <param name="waitObject">The <see cref="T:System.Threading.WaitHandle" /> to be signaled. </param>
      <filterpriority>2</filterpriority>
    </member>
    <member name="T:System.Threading.ThreadPool">
      <summary>Provides a pool of threads that can be used to execute tasks, post work items, process asynchronous I/O, wait on behalf of other threads, and process timers.</summary>
      <filterpriority>2</filterpriority>
    </member>
    <member name="M:System.Threading.ThreadPool.BindHandle(System.Runtime.InteropServices.SafeHandle)">
      <summary>[SECURITY CRITICAL] Binds an operating system handle to the <see cref="T:System.Threading.ThreadPool" />.</summary>
      <returns>true if the handle is bound; otherwise, false.</returns>
      <param name="osHandle">A <see cref="T:System.Runtime.InteropServices.SafeHandle" />  that holds the operating system handle. The handle must have been opened for overlapped I/O on the unmanaged side.</param>
    </member>
    <member name="M:System.Threading.ThreadPool.QueueUserWorkItem(System.Threading.WaitCallback)">
      <summary>Queues a method for execution. The method executes when a thread pool thread becomes available.</summary>
      <returns>true if the method is successfully queued; <see cref="T:System.NotSupportedException" /> is thrown if the work item could not be queued.</returns>
      <param name="callBack">A <see cref="T:System.Threading.WaitCallback" /> that represents the method to be executed. </param>
      <exception cref="T:System.ArgumentNullException">
        <paramref name="callBack" /> is null.</exception>
      <exception cref="T:System.NotSupportedException">The common language runtime (CLR) is hosted, and the host does not support this action.</exception>
      <filterpriority>1</filterpriority>
    </member>
    <member name="M:System.Threading.ThreadPool.QueueUserWorkItem(System.Threading.WaitCallback,System.Object)">
      <summary>Queues a method for execution, and specifies an object containing data to be used by the method. The method executes when a thread pool thread becomes available.</summary>
      <returns>true if the method is successfully queued; <see cref="T:System.NotSupportedException" /> is thrown if the work item could not be queued.</returns>
      <param name="callBack">A <see cref="T:System.Threading.WaitCallback" /> representing the method to execute. </param>
      <param name="state">An object containing data to be used by the method. </param>
      <exception cref="T:System.NotSupportedException">The common language runtime (CLR) is hosted, and the host does not support this action.</exception>
      <exception cref="T:System.ArgumentNullException">
        <paramref name="callBack" /> is null.</exception>
      <filterpriority>1</filterpriority>
    </member>
    <member name="M:System.Threading.ThreadPool.RegisterWaitForSingleObject(System.Threading.WaitHandle,System.Threading.WaitOrTimerCallback,System.Object,System.Int32,System.Boolean)">
      <summary>Registers a delegate to wait for a <see cref="T:System.Threading.WaitHandle" />, specifying a 32-bit signed integer for the time-out in milliseconds.</summary>
      <returns>The <see cref="T:System.Threading.RegisteredWaitHandle" /> that encapsulates the native handle.</returns>
      <param name="waitObject">The <see cref="T:System.Threading.WaitHandle" /> to register. Use a <see cref="T:System.Threading.WaitHandle" /> other than <see cref="T:System.Threading.Mutex" />.</param>
      <param name="callBack">The <see cref="T:System.Threading.WaitOrTimerCallback" /> delegate to call when the <paramref name="waitObject" /> parameter is signaled. </param>
      <param name="state">The object that is passed to the delegate. </param>
      <param name="millisecondsTimeOutInterval">The time-out in milliseconds. If the <paramref name="millisecondsTimeOutInterval" /> parameter is 0 (zero), the function tests the object's state and returns immediately. If <paramref name="millisecondsTimeOutInterval" /> is -1, the function's time-out interval never elapses. </param>
      <param name="executeOnlyOnce">true to indicate that the thread will no longer wait on the <paramref name="waitObject" /> parameter after the delegate has been called; false to indicate that the timer is reset every time the wait operation completes until the wait is unregistered. </param>
      <exception cref="T:System.ArgumentOutOfRangeException">The <paramref name="millisecondsTimeOutInterval" /> parameter is less than -1. </exception>
      <filterpriority>1</filterpriority>
    </member>
    <member name="M:System.Threading.ThreadPool.RegisterWaitForSingleObject(System.Threading.WaitHandle,System.Threading.WaitOrTimerCallback,System.Object,System.Int64,System.Boolean)">
      <summary>Registers a delegate to wait for a <see cref="T:System.Threading.WaitHandle" />, specifying a 64-bit signed integer for the time-out in milliseconds.</summary>
      <returns>The <see cref="T:System.Threading.RegisteredWaitHandle" /> that encapsulates the native handle.</returns>
      <param name="waitObject">The <see cref="T:System.Threading.WaitHandle" /> to register. Use a <see cref="T:System.Threading.WaitHandle" /> other than <see cref="T:System.Threading.Mutex" />.</param>
      <param name="callBack">The <see cref="T:System.Threading.WaitOrTimerCallback" /> delegate to call when the <paramref name="waitObject" /> parameter is signaled. </param>
      <param name="state">The object passed to the delegate. </param>
      <param name="millisecondsTimeOutInterval">The time-out in milliseconds. If the <paramref name="millisecondsTimeOutInterval" /> parameter is 0 (zero), the function tests the object's state and returns immediately. If <paramref name="millisecondsTimeOutInterval" /> is -1, the function's time-out interval never elapses. </param>
      <param name="executeOnlyOnce">true to indicate that the thread will no longer wait on the <paramref name="waitObject" /> parameter after the delegate has been called; false to indicate that the timer is reset every time the wait operation completes until the wait is unregistered. </param>
      <exception cref="T:System.ArgumentOutOfRangeException">The <paramref name="millisecondsTimeOutInterval" /> parameter is less than -1. </exception>
      <filterpriority>1</filterpriority>
    </member>
    <member name="M:System.Threading.ThreadPool.RegisterWaitForSingleObject(System.Threading.WaitHandle,System.Threading.WaitOrTimerCallback,System.Object,System.TimeSpan,System.Boolean)">
      <summary>Registers a delegate to wait for a <see cref="T:System.Threading.WaitHandle" />, specifying a <see cref="T:System.TimeSpan" /> value for the time-out.</summary>
      <returns>The <see cref="T:System.Threading.RegisteredWaitHandle" /> that encapsulates the native handle.</returns>
      <param name="waitObject">The <see cref="T:System.Threading.WaitHandle" /> to register. Use a <see cref="T:System.Threading.WaitHandle" /> other than <see cref="T:System.Threading.Mutex" />.</param>
      <param name="callBack">The <see cref="T:System.Threading.WaitOrTimerCallback" /> delegate to call when the <paramref name="waitObject" /> parameter is signaled. </param>
      <param name="state">The object passed to the delegate. </param>
      <param name="timeout">The time-out represented by a <see cref="T:System.TimeSpan" />. If <paramref name="timeout" /> is 0 (zero), the function tests the object's state and returns immediately. If <paramref name="timeout" /> is -1, the function's time-out interval never elapses. </param>
      <param name="executeOnlyOnce">true to indicate that the thread will no longer wait on the <paramref name="waitObject" /> parameter after the delegate has been called; false to indicate that the timer is reset every time the wait operation completes until the wait is unregistered. </param>
      <exception cref="T:System.ArgumentOutOfRangeException">The <paramref name="timeout" /> parameter is less than -1. </exception>
      <exception cref="T:System.NotSupportedException">The <paramref name="timeout" /> parameter is greater than <see cref="F:System.Int32.MaxValue" />. </exception>
      <filterpriority>1</filterpriority>
    </member>
    <member name="M:System.Threading.ThreadPool.RegisterWaitForSingleObject(System.Threading.WaitHandle,System.Threading.WaitOrTimerCallback,System.Object,System.UInt32,System.Boolean)">
      <summary>Registers a delegate to wait for a <see cref="T:System.Threading.WaitHandle" />, specifying a 32-bit unsigned integer for the time-out in milliseconds.</summary>
      <returns>The <see cref="T:System.Threading.RegisteredWaitHandle" /> that can be used to cancel the registered wait operation.</returns>
      <param name="waitObject">The <see cref="T:System.Threading.WaitHandle" /> to register. Use a <see cref="T:System.Threading.WaitHandle" /> other than <see cref="T:System.Threading.Mutex" />.</param>
      <param name="callBack">The <see cref="T:System.Threading.WaitOrTimerCallback" /> delegate to call when the <paramref name="waitObject" /> parameter is signaled. </param>
      <param name="state">The object passed to the delegate. </param>
      <param name="millisecondsTimeOutInterval">The time-out in milliseconds. If the <paramref name="millisecondsTimeOutInterval" /> parameter is 0 (zero), the function tests the object's state and returns immediately. If <paramref name="millisecondsTimeOutInterval" /> is -1, the function's time-out interval never elapses. </param>
      <param name="executeOnlyOnce">true to indicate that the thread will no longer wait on the <paramref name="waitObject" /> parameter after the delegate has been called; false to indicate that the timer is reset every time the wait operation completes until the wait is unregistered. </param>
      <exception cref="T:System.ArgumentOutOfRangeException">The <paramref name="millisecondsTimeOutInterval" /> parameter is less than -1. </exception>
      <filterpriority>1</filterpriority>
    </member>
    <member name="T:System.Threading.WaitCallback">
      <summary>Represents a callback method to be executed by a thread pool thread.</summary>
      <param name="state">An object containing information to be used by the callback method. </param>
      <filterpriority>2</filterpriority>
    </member>
    <member name="T:System.Threading.WaitOrTimerCallback">
      <summary>Represents a method to be called when a <see cref="T:System.Threading.WaitHandle" /> is signaled or times out.</summary>
      <param name="state">An object containing information to be used by the callback method each time it executes. </param>
      <param name="timedOut">true if the <see cref="T:System.Threading.WaitHandle" /> timed out; false if it was signaled. </param>
      <filterpriority>2</filterpriority>
    </member>
  </members>
</doc>