{
  "Alias": "identity",
  "Description": "Generates an MVC Area with controllers and ",
  "Arguments": [ ],
  "Options": [
    {
      "Name": "dbContext",
      "ShortName": "dc",
      "Description": "Name of the DbContext to use, or generate (if it does not exist)."
    },
    {
      "Name": "files",
      "ShortName": "fi",
      "Description": "List of semicolon separated files to scaffold. Use the --list-files option to see the available options."
    },
    {
      "Name": "listFiles",
      "ShortName": "lf",
      "Description": "Lists the files that can be scaffolded by using the '--files' option."
    },
    {
      "Name": "userClass",
      "ShortName": "u",
      "Description": "Name of the User class to generate."
    },
    {
      "Name": "useSqLite",
      "ShortName": "sqlite",
      "Description": "Flag to specify if DbContext should use SQLite instead of SQL Server."
    },
    {
      "Name": "force",
      "ShortName": "f",
      "Description": "Use this option to overwrite existing files."
    },
    {
      "Name": "useDefaultUI",
      "ShortName": "udui",
      "Description": "Use this option to setup identity and to use Default UI."
    },
    {
      "Name": "layout",
      "ShortName": "l",
      "Description": "Specify a custom layout file to use."
    }, 
    {
      "Name": "generateLayout",
      "ShortName": "gl",
      "Description": "Use this option to generate a new _Layout.cshtml"
    },
    {
      "Name": "bootstrapVersion",
      "ShortName": "b",
      "Description": "Specify the bootstrap version. Valid values: '3', '4'. Default is 4."
    }
  ]
}